Vocal Vibes,Jaehyun
Guitar Fundamentals Workshop,Zendaya
Artistic Expressions: 101 Drawing Class,Tom
Dance with Lisa,GigiHadid
SpideyFit,TaylorSwift
Firearms Shooting Basics,BenedictCumber
Self-Defense Essentials,Sugar-sugar-rune
Signature Style Discovery,MagicBoy
Storytime,Gojo
Game Masters Club,Nanami
Screen Scene Explorers,James McAvoy
Music Lovers' Society,ShawM
Cook with Lisa,Jenna Ortega
Aatroympics,Angle
Runway to Success,KeiraK
Firearms Shooting Basics,Lisa
SpideyFit,Lisa
Runway to Success,Sergio
Vocal Vibes,Sergio
