Dance with Lisa,Dancer,Hanni
Storytime,Novelist,ShawM
Cook with Lisa,Sweet Food,TaylorSwift
Guitar Fundamentals Workshop,Bruno Mars's Songs,BenedictCumber
SpideyFit,Indoor Exercise,Han So-hee
SpideyFit,Outdoor Exercise,Angle
Storytime,Discuss Novel,Angle
Cook with Lisa,Savory Food,Timothee
Vocal Vibes,Type Of Songs,Julia Roberts
Firearms Shooting Basics,History Of Guns,Zendaya
Self-Defense Essentials,History Of Combat,Jenna Ortega
Cook with Lisa,Vegetarian Food,Nanami
Screen Scene Explorers,Type Of Movie,Gojo
Artistic Expressions: 101 Drawing Class,Drawing Techniques,KeiraK
Self-Defense Essentials,Types of Combat,Tom
Cook with Lisa,Savory Food,Jaehyun
Music Lovers' Society,Types Of Music,Zendaya
Screen Scene Explorers,Type Of Movie,Tom
Game Masters Club,Board Game,GigiHadid
Signature Style Discovery,Dressing Style,BenedictCumber
Self-Defense Essentials,Types of Combat,Sugar-sugar-rune
Dance with Lisa,Choreographers,MagicBoy
SpideyFit,Indoor Exercise,Gojo
Artistic Expressions: 101 Drawing Class,Drawing Techniques,Nanami
Guitar Fundamentals Workshop,BLACKPINK's Songs,James McAvoy
Vocal Vibes,Type Of Songs,ShawM
Cook with Lisa,Sweet Food,Jenna Ortega
Music Lovers' Society,Discussing Musics,Angle
Screen Scene Explorers,Discussing Movies,KeiraK
Storytime,Novelist,Julia Roberts
Storytime,Favorite actor from Movies based on novels,Rose
SpideyFit,Outdoor Exercise,Anne
Storytime,Discuss Novel,Lisa
SpideyFit,Indoor Exercise,IU
SpideyFit,Indoor Exercise,Thomas
Cook with Lisa,Vegetarian Food,Sergio
Vocal Vibes,Type Of Songs,Sergio
Storytime,Novelist,Hanni
