admin,admin,123,admin,images/user/default.png,00-00-0000 00:00:00
Jaehyun,jaehyun,123,user,images/user/2023-10-10_1696926713842.jpg,11-10-2023 10:49:00
Zendaya,zendaya,333,user,images/user/2023-10-10_1696927060219.png,11-10-2023 10:51:41
Tom,tommy,232425,user,images/user/2023-10-10_1696927203310.jpg,12-10-2023 18:09:09
GigiHadid,gigi,gigi123,user,images/user/2023-10-10_1696927336340.jpg,12-10-2023 22:56:17
TaylorSwift,taylor swift,hitt,user,images/user/2023-10-10_1696927530387.jpg,11-10-2023 10:56:46
BenedictCumber,Sherlock,sherlock888,user,images/user/2023-10-10_1696927692505.jpg,11-10-2023 11:08:04
Sugar-sugar-rune,Chocolat,2005,user,images/user/2023-10-10_1696927807927.png,11-10-2023 11:29:13
MagicBoy,Pierre,ilovemagic,user,images/user/2023-10-10_1696927859092.png,11-10-2023 11:13:44
Gojo,Satoru,jujutsu55,user,images/user/2023-10-10_1696928066130.jpg,11-10-2023 11:14:53
Nanami,Kento,098765,user,images/user/2023-10-10_1696928227359.jpg,11-10-2023 11:16:22
James McAvoy,X-men,power111,user,images/user/2023-10-10_1696928386107.jpg,11-10-2023 11:18:27
ShawM,Shawn Mendes,81988,user,images/user/2023-10-10_1696928583873.jpg,11-10-2023 11:19:11
Jenna Ortega,Wednesday,272002,user,images/user/2023-10-10_1696928678094.png,11-10-2023 11:20:18
Angle,angelinaa,jolie333,user,images/user/2023-10-10_1696928738668.jpg,11-10-2023 11:21:05
KeiraK,Bennet,2005bennet,user,images/user/2023-10-10_1696928876396.jpg,11-10-2023 11:21:58
Julia Roberts,Julia,jj2022,user,images/user/2023-10-10_1696928997278.png,11-10-2023 11:53:17
JenGarner,Jennifer,121316789,user,images/user/2023-10-10_1696929122629.png,10-10-2023 16:11:55
Cha Eun-woo,handsomeBoy,1997030,user,images/user/2023-10-10_1696929288354.jpg,12-10-2023 22:56:57
Gong Yoo,goblin,2220166,user,images/user/2023-10-10_1696929416942.jpg,10-10-2023 16:16:49
Han So-hee,han so-hee,hansohee111,user,images/user/2023-10-10_1696930324893.jpg,11-10-2023 05:35:19
Timothee,timothee,timothee888,user,images/user/2023-10-10_1696930384147.jpg,11-10-2023 05:49:49
Jennie,jennie,jennierubyjane,user,images/user/2023-10-10_1696930461285.jpg,10-10-2023 16:33:46
Jisoo,jisoo,dalgom,user,images/user/2023-10-10_1696930543416.jpg,10-10-2023 16:34:54
Rose,rose,hank_says_hank,user,images/user/2023-10-10_1696930616371.jpg,11-10-2023 11:32:08
Anne,anne,Hathaway999,user,images/user/2023-10-10_1696930679199.jpg,11-10-2023 11:39:40
Lisa,lisa,lalalalisa,user,images/user/2023-10-10_1696930736722.png,12-10-2023 22:55:23
IU,iu,dlwlrma,user,images/user/2023-10-10_1696930786463.png,11-10-2023 11:46:29
Thomas,thomas,shelby,user,images/user/2023-10-10_1696930847115.png,11-10-2023 11:47:46
Sergio,sergio,Money Heist,user,images/user/2023-10-10_1696930908705.png,11-10-2023 11:48:40
Hanni,hanni,newjeans__hanni,user,images/user/2023-10-10_1696930964004.jpg,11-10-2023 11:52:41
user1,user1,123,user,images/user/default.png,00-00-0000 00:00:00
amp,amp,123,user,images/user/default.png,11-10-2023 21:59:31
